<configuration_item name="Commitment is selected" id="9166898817513017079" type="atom_nc_object" parent_id="9162733765013437350" version="1.1">
    <nc_object name="Commitment is selected" id="9166898817513017079" _type="Rule Node Offering" _parent_name="Hide MTM easy payment for WHSIA equipment" parent_id="9162733765013437350" order_number="5">
        <object_type _type_name="Rule Node Offering" id="9132969770013984053"/>
        <object_class _type_name="Product Catalog" id="2050878077013769311"/>
        <project _obj_name="Offering Catalog" id="9128632109113273015"/>
        <param _attr_name="Created By" attr_id="61" attr_access_type="0" priority="1">
            <value value="sysadm" show_order="1"/>
        </param>
        <param _attr_name="Created When" attr_id="62" attr_access_type="0" priority="1">
            <date_value date_value="2023-06-06 18:05:31.0" show_order="1"/>
        </param>
        <param _attr_name="Modified By" attr_id="63" attr_access_type="0" priority="1">
            <value value="sysadm" show_order="1"/>
        </param>
        <param _attr_name="Modified When" attr_id="64" attr_access_type="0" priority="1">
            <date_value date_value="2023-06-06 18:06:40.0" show_order="1"/>
        </param>
        <param _attr_name="First Time In Applet" attr_id="6072556040013963188" attr_access_type="0" priority="1">
            <value value="1" show_order="1"/>
        </param>
        <param _attr_name="Criteria(old)" attr_id="9132970281113984272" attr_access_type="0" priority="1">
            <list_value _list_value="Unselected" list_value_id="9132970281113984280" show_order="1"/>
        </param>
        <param _attr_name="Search Scope" attr_id="9132974604013984828" attr_access_type="0" priority="1">
            <list_value _list_value="Location" list_value_id="9132974604013984831" show_order="1"/>
        </param>
        <param _attr_name="Offering" attr_id="9132974604013984824" attr_access_type="0" priority="1">
            <reference _obj_name="$10/24 months &amp; Equipment Promo" reference="9159621605313507298" show_order="1"/>
        </param>
        <param _attr_name="Set of Criteria" attr_id="9137333611513324296" attr_access_type="0" priority="1">
            <reference _obj_name="Unselected" reference="9137333611513324269" show_order="1"/>
        </param>
    </nc_object>
</configuration_item>
